test_accuracy	train_accuracy	details
0.8924558367595916	1.0908123785849757	5NN standardized
